FirstName,LastName,EmailAddress
Diane,Cornish,diane.cornish@insophinia.com
Cameron,Mathis,cameron.mathis@insophinia.com
Carl,Mackenzie,carl.mackenzie@insophinia.com
Virginia,McGrath,virginia.mcgrath@insophinia.com
Rachel,Stewart,rachel.stewart@insophinia.com
Angela,McLean,angela.mclean@insophinia.com
Jacob,Walker,jacob.walker@insophinia.com
Jack,Lewis,jack.lewis@insophinia.com
Diane,Welch,diane.welch@insophinia.com
Madeleine,Davidson,madeleine.davidson@insophinia.com
Evan,Butler,evan.butler@insophinia.com
Penelope,Robertson,penelope.robertson@insophinia.com
Bernadette,Taylor,bernadette.taylor@insophinia.com
Ruth,Mathis,ruth.mathis@insophinia.com
Una,King,una.king@insophinia.com
Stewart,Kerr,stewart.kerr@insophinia.com
Alexandra,Hemmings,alexandra.hemmings@insophinia.com
Sebastian,Avery,sebastian.avery@insophinia.com
Julia,Stewart,julia.stewart@insophinia.com
Rebecca,MacDonald,rebecca.macdonald@insophinia.com
Dorothy,Reid,dorothy.reid@insophinia.com
Hannah,Walsh,hannah.walsh@insophinia.com
Warren,Lyman,warren.lyman@insophinia.com
Ella,Gibson,ella.gibson@insophinia.com
Colin,Wallace,colin.wallace@insophinia.com
Owen,Gray,owen.gray@insophinia.com
Irene,Henderson,irene.henderson@insophinia.com
Charles,Simpson,charles.simpson@insophinia.com
Donna,White,donna.white@insophinia.com
Natalie,Wright,natalie.wright@insophinia.com
Victoria,Lawrence,victoria.lawrence@insophinia.com
Maria,Ross,maria.ross@insophinia.com
Frank,Jones,frank.jones@insophinia.com
Jan,Bower,jan.bower@insophinia.com
Sophie,Chapman,sophie.chapman@insophinia.com
Gabrielle,Coleman,gabrielle.coleman@insophinia.com
Pippa,Robertson,pippa.robertson@insophinia.com
Madeleine,Martin,madeleine.martin@insophinia.com
Zoe,MacDonald,zoe.macdonald@insophinia.com
Wanda,Sanderson,wanda.sanderson@insophinia.com
Anthony,Bell,anthony.bell@insophinia.com
Stewart,Underwood,stewart.underwood@insophinia.com
Edward,Fraser,edward.fraser@insophinia.com
Gabrielle,Paige,gabrielle.paige@insophinia.com
Jack,Sanderson,jack.sanderson@insophinia.com
Lucas,Morgan,lucas.morgan@insophinia.com
Oliver,Smith,oliver.smith@insophinia.com
Pippa,Paterson,pippa.paterson@insophinia.com
Stewart,Davidson,stewart.davidson@insophinia.com
Justin,Chapman,justin.chapman@insophinia.com
Felicity,Oliver,felicity.oliver@insophinia.com
Jason,Piper,jason.piper@insophinia.com
James,Lyman,james.lyman@insophinia.com
Dominic,Simpson,dominic.simpson@insophinia.com
Mary,McDonald,mary.mcdonald@insophinia.com
Jake,Reid,jake.reid@insophinia.com
Maria,Poole,maria.poole@insophinia.com
Joanne,Metcalfe,joanne.metcalfe@insophinia.com
Deirdre,Rees,deirdre.rees@insophinia.com
Mary,Lyman,mary.lyman@insophinia.com
Amelia,Mills,amelia.mills@insophinia.com
Nicholas,Anderson,nicholas.anderson@insophinia.com
Leonard,Scott,leonard.scott@insophinia.com
Vanessa,Vance,vanessa.vance@insophinia.com
Owen,Ogden,owen.ogden@insophinia.com
Christian,Terry,christian.terry@insophinia.com
Evan,Walker,evan.walker@insophinia.com
Andrew,King,andrew.king@insophinia.com
Stewart,Piper,stewart.piper@insophinia.com
Brandon,Mills,brandon.mills@insophinia.com
Gabrielle,Marshall,gabrielle.marshall@insophinia.com
Alan,Avery,alan.avery@insophinia.com
Abigail,May,abigail.may@insophinia.com
Adrian,Butler,adrian.butler@insophinia.com
Michelle,Alsop,michelle.alsop@insophinia.com
Lisa,Roberts,lisa.roberts@insophinia.com
Ruth,Robertson,ruth.robertson@insophinia.com
Gavin,Buckland,gavin.buckland@insophinia.com
Anne,Simpson,anne.simpson@insophinia.com
Andrea,MacLeod,andrea.macleod@insophinia.com
Yvonne,Berry,yvonne.berry@insophinia.com
Keith,Ellison,keith.ellison@insophinia.com
Jasmine,Roberts,jasmine.roberts@insophinia.com
Gabrielle,Walsh,gabrielle.walsh@insophinia.com
Una,Marshall,una.marshall@insophinia.com
Chloe,Russell,chloe.russell@insophinia.com
Sophie,Manning,sophie.manning@insophinia.com
Edward,Roberts,edward.roberts@insophinia.com
Julia,Kelly,julia.kelly@insophinia.com
Evan,Miller,evan.miller@insophinia.com
Jan,King,jan.king@insophinia.com
Brandon,Duncan,brandon.duncan@insophinia.com
Justin,Bell,justin.bell@insophinia.com
Carol,Young,carol.young@insophinia.com
Amelia,Nolan,amelia.nolan@insophinia.com
Hannah,Randall,hannah.randall@insophinia.com
Bernadette,Walsh,bernadette.walsh@insophinia.com
Benjamin,Hunter,benjamin.hunter@insophinia.com
Keith,Duncan,keith.duncan@insophinia.com
Simon,Blake,simon.blake@insophinia.com
Joan,Gibson,joan.gibson@insophinia.com
Pippa,Peake,pippa.peake@insophinia.com
Alan,Terry,alan.terry@insophinia.com
Abigail,Hughes,abigail.hughes@insophinia.com
Rachel,Mackay,rachel.mackay@insophinia.com
Joanne,Glover,joanne.glover@insophinia.com
Jake,Powell,jake.powell@insophinia.com
Emily,Rutherford,emily.rutherford@insophinia.com
Joe,Hunter,joe.hunter@insophinia.com
Andrew,Bailey,andrew.bailey@insophinia.com
Karen,Dowd,karen.dowd@insophinia.com
Donna,Chapman,donna.chapman@insophinia.com
Tim,Bell,tim.bell@insophinia.com
Joe,Roberts,joe.roberts@insophinia.com
Richard,McDonald,richard.mcdonald@insophinia.com
Emma,Vance,emma.vance@insophinia.com
Sue,MacDonald,sue.macdonald@insophinia.com
Dorothy,Russell,dorothy.russell@insophinia.com
Benjamin,Ellison,benjamin.ellison@insophinia.com
Christopher,MacLeod,christopher.macleod@insophinia.com
Leah,Clark,leah.clark@insophinia.com
Sam,Roberts,sam.roberts@insophinia.com
Zoe,Reid,zoe.reid@insophinia.com
Jonathan,Pullman,jonathan.pullman@insophinia.com
Zoe,White,zoe.white@insophinia.com
Cameron,Sutherland,cameron.sutherland@insophinia.com
Rose,Ross,rose.ross@insophinia.com
Gabrielle,Lyman,gabrielle.lyman@insophinia.com
Eric,Johnston,eric.johnston@insophinia.com
Molly,Black,molly.black@insophinia.com
Katherine,Hart,katherine.hart@insophinia.com
Max,Scott,max.scott@insophinia.com
Max,Avery,max.avery@insophinia.com
Julian,Short,julian.short@insophinia.com
Jason,James,jason.james@insophinia.com
Chloe,Black,chloe.black@insophinia.com
Amy,Avery,amy.avery@insophinia.com
Trevor,Stewart,trevor.stewart@insophinia.com
Keith,Pullman,keith.pullman@insophinia.com
Emily,Lewis,emily.lewis@insophinia.com
Oliver,Ferguson,oliver.ferguson@insophinia.com
Sean,Hill,sean.hill@insophinia.com
Jacob,Skinner,jacob.skinner@insophinia.com
Maria,Rutherford,maria.rutherford@insophinia.com
Joanne,Gill,joanne.gill@insophinia.com
Steven,Edmunds,steven.edmunds@insophinia.com
Grace,Henderson,grace.henderson@insophinia.com
Bernadette,Hemmings,bernadette.hemmings@insophinia.com
Leah,White,leah.white@insophinia.com
Kevin,Rutherford,kevin.rutherford@insophinia.com
Ryan,Manning,ryan.manning@insophinia.com
Joshua,Dowd,joshua.dowd@insophinia.com
Julian,Allan,julian.allan@insophinia.com
Maria,Nash,maria.nash@insophinia.com
Steven,Ball,steven.ball@insophinia.com
Leonard,Rees,leonard.rees@insophinia.com
Lillian,Turner,lillian.turner@insophinia.com
Piers,Murray,piers.murray@insophinia.com
Dan,Buckland,dan.buckland@insophinia.com
Christopher,Hill,christopher.hill@insophinia.com
Tim,Chapman,tim.chapman@insophinia.com
Leah,James,leah.james@insophinia.com
Christian,North,christian.north@insophinia.com
David,Hill,david.hill@insophinia.com
Melanie,Morgan,melanie.morgan@insophinia.com
Madeleine,Walsh,madeleine.walsh@insophinia.com
Audrey,Walker,audrey.walker@insophinia.com
Wendy,Hardacre,wendy.hardacre@insophinia.com
Maria,Dyer,maria.dyer@insophinia.com
Warren,Henderson,warren.henderson@insophinia.com
Zoe,Hunter,zoe.hunter@insophinia.com
Jason,Marshall,jason.marshall@insophinia.com
Olivia,Vance,olivia.vance@insophinia.com
Ryan,Avery,ryan.avery@insophinia.com
Eric,McLean,eric.mclean@insophinia.com
Kimberly,Payne,kimberly.payne@insophinia.com
Gabrielle,Rutherford,gabrielle.rutherford@insophinia.com
Jack,Berry,jack.berry@insophinia.com
Brandon,Mackay,brandon.mackay@insophinia.com
Oliver,Wallace,oliver.wallace@insophinia.com
Chloe,Martin,chloe.martin@insophinia.com
Christian,Roberts,christian.roberts@insophinia.com
Katherine,Fisher,katherine.fisher@insophinia.com
Lillian,Berry,lillian.berry@insophinia.com
Brian,Bell,brian.bell@insophinia.com
Ella,Mitchell,ella.mitchell@insophinia.com
Anne,Oliver,anne.oliver@insophinia.com
David,Allan,david.allan@insophinia.com
Kylie,Lee,kylie.lee@insophinia.com
Jake,Turner,jake.turner@insophinia.com
Leah,Coleman,leah.coleman@insophinia.com
Connor,Duncan,connor.duncan@insophinia.com
Sue,Watson,sue.watson@insophinia.com
Joe,Hemmings,joe.hemmings@insophinia.com
Jane,Taylor,jane.taylor@insophinia.com
Lillian,Quinn,lillian.quinn@insophinia.com
Alison,Quinn,alison.quinn@insophinia.com
Eric,Kelly,eric.kelly@insophinia.com
Gavin,Knox,gavin.knox@insophinia.com
Carol,Hughes,carol.hughes@insophinia.com
Charles,Lewis,charles.lewis@insophinia.com
Alan,Butler,alan.butler@insophinia.com
Melanie,Harris,melanie.harris@insophinia.com
Alison,Morrison,alison.morrison@insophinia.com
Amanda,Henderson,amanda.henderson@insophinia.com
Colin,Springer,colin.springer@insophinia.com
Amanda,Springer,amanda.springer@insophinia.com
Oliver,Poole,oliver.poole@insophinia.com
Peter,Harris,peter.harris@insophinia.com
Fiona,Scott,fiona.scott@insophinia.com
Jacob,Watson,jacob.watson@insophinia.com
Sally,Paige,sally.paige@insophinia.com
Natalie,Ball,natalie.ball@insophinia.com
Dan,Hemmings,dan.hemmings@insophinia.com
Emma,Anderson,emma.anderson@insophinia.com
Irene,Dyer,irene.dyer@insophinia.com
Carl,Rutherford,carl.rutherford@insophinia.com
Thomas,Rees,thomas.rees@insophinia.com
Chloe,Buckland,chloe.buckland@insophinia.com
David,Grant,david.grant@insophinia.com
Lucas,Short,lucas.short@insophinia.com
Matt,Graham,matt.graham@insophinia.com
Gordon,Hodges,gordon.hodges@insophinia.com
Rose,May,rose.may@insophinia.com
Stewart,Thomson,stewart.thomson@insophinia.com
Caroline,Hardacre,caroline.hardacre@insophinia.com
Rachel,Payne,rachel.payne@insophinia.com
Julian,Glover,julian.glover@insophinia.com
Alan,Blake,alan.blake@insophinia.com
Hannah,Sutherland,hannah.sutherland@insophinia.com
Gordon,Paige,gordon.paige@insophinia.com
Wanda,Lyman,wanda.lyman@insophinia.com
Sebastian,Sharp,sebastian.sharp@insophinia.com
Adam,Hodges,adam.hodges@insophinia.com
Lily,Peters,lily.peters@insophinia.com
Bella,Graham,bella.graham@insophinia.com
Faith,Davies,faith.davies@insophinia.com
Melanie,Martin,melanie.martin@insophinia.com
Amy,Mackenzie,amy.mackenzie@insophinia.com
Cameron,Lawrence,cameron.lawrence@insophinia.com
Rebecca,Lyman,rebecca.lyman@insophinia.com
Dan,Roberts,dan.roberts@insophinia.com
Joseph,Poole,joseph.poole@insophinia.com
Gordon,Hughes,gordon.hughes@insophinia.com
Joshua,Wright,joshua.wright@insophinia.com
Fiona,Lyman,fiona.lyman@insophinia.com
Carol,Simpson,carol.simpson@insophinia.com
Carl,Ball,carl.ball@insophinia.com
Robert,Anderson,robert.anderson@insophinia.com
Carolyn,Walsh,carolyn.walsh@insophinia.com
Anthony,Hughes,anthony.hughes@insophinia.com
Stephanie,Manning,stephanie.manning@insophinia.com
Richard,Fisher,richard.fisher@insophinia.com
Julian,Davies,julian.davies@insophinia.com
Vanessa,Hudson,vanessa.hudson@insophinia.com
Sebastian,Langdon,sebastian.langdon@insophinia.com
Alexandra,Edmunds,alexandra.edmunds@insophinia.com
Anna,Greene,anna.greene@insophinia.com
Andrew,Vaughan,andrew.vaughan@insophinia.com
Benjamin,Bailey,benjamin.bailey@insophinia.com
Victoria,Dickens,victoria.dickens@insophinia.com
Adam,Thomson,adam.thomson@insophinia.com
Liam,Dyer,liam.dyer@insophinia.com
Nathan,Bailey,nathan.bailey@insophinia.com
Ryan,Campbell,ryan.campbell@insophinia.com
Matt,Russell,matt.russell@insophinia.com
Amy,Oliver,amy.oliver@insophinia.com
Simon,Cornish,simon.cornish@insophinia.com
Stephen,Avery,stephen.avery@insophinia.com
Penelope,Bower,penelope.bower@insophinia.com
Warren,Gill,warren.gill@insophinia.com
Carol,Robertson,carol.robertson@insophinia.com
Kevin,Lawrence,kevin.lawrence@insophinia.com
Joseph,Henderson,joseph.henderson@insophinia.com
Tim,Knox,tim.knox@insophinia.com
Robert,McDonald,robert.mcdonald@insophinia.com
Diane,Hughes,diane.hughes@insophinia.com
Jan,Bell,jan.bell@insophinia.com
Sam,Ross,sam.ross@insophinia.com
Irene,Sanderson,irene.sanderson@insophinia.com
Yvonne,Chapman,yvonne.chapman@insophinia.com
Richard,Kerr,richard.kerr@insophinia.com
Eric,Glover,eric.glover@insophinia.com
Sebastian,Peake,sebastian.peake@insophinia.com
Olivia,Skinner,olivia.skinner@insophinia.com
Warren,Harris,warren.harris@insophinia.com
Julia,Rutherford,julia.rutherford@insophinia.com
Kevin,Turner,kevin.turner@insophinia.com
Matt,Sanderson,matt.sanderson@insophinia.com
Keith,Marshall,keith.marshall@insophinia.com
Alan,Paterson,alan.paterson@insophinia.com
Sarah,MacDonald,sarah.macdonald@insophinia.com
Nicholas,Knox,nicholas.knox@insophinia.com
Zoe,Dickens,zoe.dickens@insophinia.com
Dominic,Poole,dominic.poole@insophinia.com
Jennifer,Wright,jennifer.wright@insophinia.com
Leah,Glover,leah.glover@insophinia.com
Emma,Nolan,emma.nolan@insophinia.com
Phil,Gill,phil.gill@insophinia.com
Richard,Randall,richard.randall@insophinia.com
Michelle,Duncan,michelle.duncan@insophinia.com
David,Ferguson,david.ferguson@insophinia.com
Alexandra,Rees,alexandra.rees@insophinia.com
Sebastian,Morgan,sebastian.morgan@insophinia.com
Matt,Buckland,matt.buckland@insophinia.com
Joshua,Reid,joshua.reid@insophinia.com
Jack,Forsyth,jack.forsyth@insophinia.com
Owen,Oliver,owen.oliver@insophinia.com
Sally,Metcalfe,sally.metcalfe@insophinia.com
Emily,Ross,emily.ross@insophinia.com
Justin,Lawrence,justin.lawrence@insophinia.com
Connor,Knox,connor.knox@insophinia.com
Cameron,Arnold,cameron.arnold@insophinia.com
Anne,King,anne.king@insophinia.com
Max,Tucker,max.tucker@insophinia.com
Sue,Graham,sue.graham@insophinia.com
Harry,Walsh,harry.walsh@insophinia.com
Samantha,Jones,samantha.jones@insophinia.com
Edward,Ellison,edward.ellison@insophinia.com
Alan,Springer,alan.springer@insophinia.com
David,Lawrence,david.lawrence@insophinia.com
Tim,Dickens,tim.dickens@insophinia.com
Jan,Ball,jan.ball@insophinia.com
Felicity,Buckland,felicity.buckland@insophinia.com
Emily,Coleman,emily.coleman@insophinia.com
Christopher,Manning,christopher.manning@insophinia.com
Leonard,Rampling,leonard.rampling@insophinia.com
Gordon,Hamilton,gordon.hamilton@insophinia.com
Kylie,Brown,kylie.brown@insophinia.com
Gavin,Burgess,gavin.burgess@insophinia.com
Jane,Oliver,jane.oliver@insophinia.com
Kimberly,Lee,kimberly.lee@insophinia.com
Michelle,Blake,michelle.blake@insophinia.com
Anne,Peters,anne.peters@insophinia.com
Grace,Mathis,grace.mathis@insophinia.com
Gavin,Vaughan,gavin.vaughan@insophinia.com
Jasmine,Forsyth,jasmine.forsyth@insophinia.com
Liam,Fisher,liam.fisher@insophinia.com
Megan,Dyer,megan.dyer@insophinia.com
Oliver,Chapman,oliver.chapman@insophinia.com
Christian,Underwood,christian.underwood@insophinia.com
Ryan,Hudson,ryan.hudson@insophinia.com
Kimberly,Lyman,kimberly.lyman@insophinia.com
Owen,Walsh,owen.walsh@insophinia.com
Ruth,MacDonald,ruth.macdonald@insophinia.com
James,Davidson,james.davidson@insophinia.com
Samantha,Hardacre,samantha.hardacre@insophinia.com
Joan,Reid,joan.reid@insophinia.com
Nicola,Turner,nicola.turner@insophinia.com
Simon,Davidson,simon.davidson@insophinia.com
Katherine,Gibson,katherine.gibson@insophinia.com
Emma,Graham,emma.graham@insophinia.com
Fiona,Berry,fiona.berry@insophinia.com
Justin,Mathis,justin.mathis@insophinia.com
Tim,Campbell,tim.campbell@insophinia.com
Christopher,Henderson,christopher.henderson@insophinia.com
Nicholas,Piper,nicholas.piper@insophinia.com
Jonathan,McLean,jonathan.mclean@insophinia.com
Piers,Turner,piers.turner@insophinia.com
Joan,Wilson,joan.wilson@insophinia.com
Deirdre,Kerr,deirdre.kerr@insophinia.com
Austin,Kerr,austin.kerr@insophinia.com
Rose,Tucker,rose.tucker@insophinia.com
Megan,Sharp,megan.sharp@insophinia.com
Sonia,White,sonia.white@insophinia.com
Anne,Dickens,anne.dickens@insophinia.com
Dylan,Ellison,dylan.ellison@insophinia.com
Neil,Peters,neil.peters@insophinia.com
Jane,Rees,jane.rees@insophinia.com
Anna,Abraham,anna.abraham@insophinia.com
Grace,King,grace.king@insophinia.com
Hannah,Mackay,hannah.mackay@insophinia.com
Gordon,Quinn,gordon.quinn@insophinia.com
Sam,May,sam.may@insophinia.com
Adam,Kelly,adam.kelly@insophinia.com
Abigail,Gill,abigail.gill@insophinia.com
Harry,Jackson,harry.jackson@insophinia.com
Carol,Thomson,carol.thomson@insophinia.com
Katherine,Ogden,katherine.ogden@insophinia.com
Dominic,Mills,dominic.mills@insophinia.com
Neil,Bell,neil.bell@insophinia.com
Alison,Hemmings,alison.hemmings@insophinia.com
Jacob,Mackay,jacob.mackay@insophinia.com
Joseph,Clark,joseph.clark@insophinia.com
Gabrielle,Kelly,gabrielle.kelly@insophinia.com
Phil,Roberts,phil.roberts@insophinia.com
Ella,Anderson,ella.anderson@insophinia.com
Andrew,Parsons,andrew.parsons@insophinia.com
Stephen,James,stephen.james@insophinia.com
Rose,Mackenzie,rose.mackenzie@insophinia.com
Trevor,Gray,trevor.gray@insophinia.com
Ava,Kelly,ava.kelly@insophinia.com
Ryan,Baker,ryan.baker@insophinia.com
Anna,Hart,anna.hart@insophinia.com
Donna,Martin,donna.martin@insophinia.com
Jessica,Chapman,jessica.chapman@insophinia.com
Alexander,Buckland,alexander.buckland@insophinia.com
Nicholas,Wilkins,nicholas.wilkins@insophinia.com
Sarah,Alsop,sarah.alsop@insophinia.com
Julian,Bond,julian.bond@insophinia.com
Alan,Hill,alan.hill@insophinia.com
Brandon,Gray,brandon.gray@insophinia.com
Gordon,Grant,gordon.grant@insophinia.com
Keith,Grant,keith.grant@insophinia.com
Peter,Davidson,peter.davidson@insophinia.com
Rebecca,Clark,rebecca.clark@insophinia.com
Christian,Campbell,christian.campbell@insophinia.com
Audrey,Hudson,audrey.hudson@insophinia.com
Irene,Morgan,irene.morgan@insophinia.com
Rachel,Lyman,rachel.lyman@insophinia.com
Anthony,Slater,anthony.slater@insophinia.com
Natalie,Greene,natalie.greene@insophinia.com
Nicola,Bond,nicola.bond@insophinia.com
Elizabeth,Dickens,elizabeth.dickens@insophinia.com
Phil,Poole,phil.poole@insophinia.com
Neil,Ross,neil.ross@insophinia.com
Anthony,Underwood,anthony.underwood@insophinia.com
Katherine,Dyer,katherine.dyer@insophinia.com
Virginia,King,virginia.king@insophinia.com
Karen,Scott,karen.scott@insophinia.com
Sue,Oliver,sue.oliver@insophinia.com
Amanda,Parr,amanda.parr@insophinia.com
Adam,Robertson,adam.robertson@insophinia.com
Alan,Metcalfe,alan.metcalfe@insophinia.com
Carolyn,Baker,carolyn.baker@insophinia.com
Dan,Hughes,dan.hughes@insophinia.com
Jack,Lambert,jack.lambert@insophinia.com
Connor,McDonald,connor.mcdonald@insophinia.com
Keith,Watson,keith.watson@insophinia.com
Dorothy,North,dorothy.north@insophinia.com
Ava,Hunter,ava.hunter@insophinia.com
Oliver,Dyer,oliver.dyer@insophinia.com
Brian,Anderson,brian.anderson@insophinia.com
Andrea,Parr,andrea.parr@insophinia.com
Tim,Edmunds,tim.edmunds@insophinia.com
Oliver,Martin,oliver.martin@insophinia.com
Dan,Langdon,dan.langdon@insophinia.com
Connor,Glover,connor.glover@insophinia.com
Diane,Tucker,diane.tucker@insophinia.com
Blake,Bailey,blake.bailey@insophinia.com
Jane,Ince,jane.ince@insophinia.com
Richard,Davidson,richard.davidson@insophinia.com
Karen,Hemmings,karen.hemmings@insophinia.com
Thomas,Peake,thomas.peake@insophinia.com
Angela,Wallace,angela.wallace@insophinia.com
Sebastian,Terry,sebastian.terry@insophinia.com
Peter,Wright,peter.wright@insophinia.com
Keith,Nolan,keith.nolan@insophinia.com
Joseph,Ince,joseph.ince@insophinia.com
Melanie,Glover,melanie.glover@insophinia.com
Dan,Hamilton,dan.hamilton@insophinia.com
Anthony,Paterson,anthony.paterson@insophinia.com
Olivia,Kerr,olivia.kerr@insophinia.com
Trevor,Greene,trevor.greene@insophinia.com
Nathan,Underwood,nathan.underwood@insophinia.com
Natalie,Bond,natalie.bond@insophinia.com
David,Peake,david.peake@insophinia.com
Connor,Burgess,connor.burgess@insophinia.com
Andrew,Anderson,andrew.anderson@insophinia.com
Luke,Glover,luke.glover@insophinia.com
Joan,Lambert,joan.lambert@insophinia.com
Ruth,Ellison,ruth.ellison@insophinia.com
Boris,Glover,boris.glover@insophinia.com
Leah,Clarkson,leah.clarkson@insophinia.com
Fiona,Glover,fiona.glover@insophinia.com
Virginia,Graham,virginia.graham@insophinia.com
Joanne,Gibson,joanne.gibson@insophinia.com
Heather,Lambert,heather.lambert@insophinia.com
Diane,Hudson,diane.hudson@insophinia.com
Edward,Lambert,edward.lambert@insophinia.com
Jasmine,Arnold,jasmine.arnold@insophinia.com
Boris,Berry,boris.berry@insophinia.com
Alison,Poole,alison.poole@insophinia.com
Edward,Gill,edward.gill@insophinia.com
Joseph,Hodges,joseph.hodges@insophinia.com
Owen,Gibson,owen.gibson@insophinia.com
Max,McDonald,max.mcdonald@insophinia.com
Karen,Peake,karen.peake@insophinia.com
Lisa,Howard,lisa.howard@insophinia.com
Joseph,Nash,joseph.nash@insophinia.com
Mary,Gill,mary.gill@insophinia.com
Faith,Rampling,faith.rampling@insophinia.com
Jack,Dyer,jack.dyer@insophinia.com
Sophie,Oliver,sophie.oliver@insophinia.com
Anthony,Bower,anthony.bower@insophinia.com
Emma,Hudson,emma.hudson@insophinia.com
Zoe,Welch,zoe.welch@insophinia.com
Owen,Hart,owen.hart@insophinia.com
Rachel,Walsh,rachel.walsh@insophinia.com
Vanessa,Metcalfe,vanessa.metcalfe@insophinia.com
Megan,Martin,megan.martin@insophinia.com
Lisa,Simpson,lisa.simpson@insophinia.com
Sophie,Peake,sophie.peake@insophinia.com
Isaac,Randall,isaac.randall@insophinia.com
Anthony,Campbell,anthony.campbell@insophinia.com
Irene,Lewis,irene.lewis@insophinia.com
Jane,Mathis,jane.mathis@insophinia.com
Yvonne,Grant,yvonne.grant@insophinia.com
Liam,Payne,liam.payne@insophinia.com
Michael,Duncan,michael.duncan@insophinia.com
Megan,Grant,megan.grant@insophinia.com
Theresa,White,theresa.white@insophinia.com
Ryan,Thomson,ryan.thomson@insophinia.com
Justin,Pullman,justin.pullman@insophinia.com
Diane,Avery,diane.avery@insophinia.com
Dylan,Alsop,dylan.alsop@insophinia.com
Jennifer,Randall,jennifer.randall@insophinia.com
Jonathan,Ross,jonathan.ross@insophinia.com
Stewart,Sutherland,stewart.sutherland@insophinia.com
Jake,Walker,jake.walker@insophinia.com
Fiona,Quinn,fiona.quinn@insophinia.com
Michelle,Fisher,michelle.fisher@insophinia.com
Sonia,Oliver,sonia.oliver@insophinia.com
Gabrielle,Manning,gabrielle.manning@insophinia.com
Gavin,Murray,gavin.murray@insophinia.com
Fiona,Abraham,fiona.abraham@insophinia.com
Jan,Sharp,jan.sharp@insophinia.com
Connor,Stewart,connor.stewart@insophinia.com
Diana,Dickens,diana.dickens@insophinia.com
Sophie,Miller,sophie.miller@insophinia.com
Edward,Arnold,edward.arnold@insophinia.com
Virginia,Churchill,virginia.churchill@insophinia.com
Hannah,Blake,hannah.blake@insophinia.com
Amelia,Paterson,amelia.paterson@insophinia.com
Lily,Carr,lily.carr@insophinia.com
Mary,Scott,mary.scott@insophinia.com
Leonard,Quinn,leonard.quinn@insophinia.com
Christopher,Springer,christopher.springer@insophinia.com
Hannah,Hudson,hannah.hudson@insophinia.com
Rebecca,Skinner,rebecca.skinner@insophinia.com
Christopher,Roberts,christopher.roberts@insophinia.com
Adrian,Martin,adrian.martin@insophinia.com
Jan,Peake,jan.peake@insophinia.com
Brandon,King,brandon.king@insophinia.com
James,Mackenzie,james.mackenzie@insophinia.com
Sophie,Dyer,sophie.dyer@insophinia.com
Brandon,Marshall,brandon.marshall@insophinia.com
Isaac,Taylor,isaac.taylor@insophinia.com
Austin,Reid,austin.reid@insophinia.com
Hannah,Allan,hannah.allan@insophinia.com
Stephanie,Oliver,stephanie.oliver@insophinia.com
Pippa,Metcalfe,pippa.metcalfe@insophinia.com
Chloe,Terry,chloe.terry@insophinia.com
Evan,Gray,evan.gray@insophinia.com
Frank,Hunter,frank.hunter@insophinia.com
Penelope,Lyman,penelope.lyman@insophinia.com
Irene,Blake,irene.blake@insophinia.com
John,Sharp,john.sharp@insophinia.com
Jacob,Alsop,jacob.alsop@insophinia.com
Lillian,Paterson,lillian.paterson@insophinia.com
Brian,Walker,brian.walker@insophinia.com
Audrey,Russell,audrey.russell@insophinia.com
Andrea,Kerr,andrea.kerr@insophinia.com
Joanne,Fisher,joanne.fisher@insophinia.com
Dorothy,Duncan,dorothy.duncan@insophinia.com
Harry,Lawrence,harry.lawrence@insophinia.com
Madeleine,Buckland,madeleine.buckland@insophinia.com
Thomas,Campbell,thomas.campbell@insophinia.com
Sophie,May,sophie.may@insophinia.com
Colin,Coleman,colin.coleman@insophinia.com
Max,MacDonald,max.macdonald@insophinia.com
Lily,Butler,lily.butler@insophinia.com
Natalie,Bell,natalie.bell@insophinia.com
Benjamin,Stewart,benjamin.stewart@insophinia.com
Sean,Paige,sean.paige@insophinia.com
Sarah,Hart,sarah.hart@insophinia.com
Neil,Ellison,neil.ellison@insophinia.com
Simon,Murray,simon.murray@insophinia.com
Leah,Reid,leah.reid@insophinia.com
Blake,Walker,blake.walker@insophinia.com
Alison,Fisher,alison.fisher@insophinia.com
James,Graham,james.graham@insophinia.com
Joshua,Ogden,joshua.ogden@insophinia.com
Ryan,Jones,ryan.jones@insophinia.com
Amanda,Martin,amanda.martin@insophinia.com
Lucas,Johnston,lucas.johnston@insophinia.com
Rebecca,Hemmings,rebecca.hemmings@insophinia.com
Leonard,Vaughan,leonard.vaughan@insophinia.com
Donna,MacDonald,donna.macdonald@insophinia.com
Jonathan,Buckland,jonathan.buckland@insophinia.com
Jan,Taylor,jan.taylor@insophinia.com
Piers,Morrison,piers.morrison@insophinia.com
Ava,Sharp,ava.sharp@insophinia.com
Frank,Vance,frank.vance@insophinia.com
Jonathan,Brown,jonathan.brown@insophinia.com
James,Hughes,james.hughes@insophinia.com
Elizabeth,Watson,elizabeth.watson@insophinia.com
Bella,Kerr,bella.kerr@insophinia.com
Grace,Young,grace.young@insophinia.com
Joanne,Lawrence,joanne.lawrence@insophinia.com
Yvonne,Bailey,yvonne.bailey@insophinia.com
Lillian,Metcalfe,lillian.metcalfe@insophinia.com
Andrea,Rampling,andrea.rampling@insophinia.com
Sophie,Short,sophie.short@insophinia.com
William,Black,william.black@insophinia.com
Ava,Chapman,ava.chapman@insophinia.com
Michelle,Parsons,michelle.parsons@insophinia.com
Lily,Ince,lily.ince@insophinia.com
Paul,Clarkson,paul.clarkson@insophinia.com
Joseph,McGrath,joseph.mcgrath@insophinia.com
Amelia,Butler,amelia.butler@insophinia.com
Julia,Metcalfe,julia.metcalfe@insophinia.com
Lauren,Stewart,lauren.stewart@insophinia.com
Katherine,Pullman,katherine.pullman@insophinia.com
Angela,Hudson,angela.hudson@insophinia.com
Maria,Parr,maria.parr@insophinia.com
Frank,King,frank.king@insophinia.com
Virginia,Smith,virginia.smith@insophinia.com
Sue,Lewis,sue.lewis@insophinia.com
Sue,Alsop,sue.alsop@insophinia.com
Piers,Taylor,piers.taylor@insophinia.com
Vanessa,Avery,vanessa.avery@insophinia.com
Boris,Morgan,boris.morgan@insophinia.com
Edward,Ferguson,edward.ferguson@insophinia.com
Kimberly,Martin,kimberly.martin@insophinia.com
Gabrielle,Buckland,gabrielle.buckland@insophinia.com
Nicola,Simpson,nicola.simpson@insophinia.com
Luke,Rampling,luke.rampling@insophinia.com
Ella,Black,ella.black@insophinia.com
Luke,Roberts,luke.roberts@insophinia.com
Lily,Fisher,lily.fisher@insophinia.com
Bella,Johnston,bella.johnston@insophinia.com
Evan,Newman,evan.newman@insophinia.com
Jasmine,Walker,jasmine.walker@insophinia.com
Simon,Duncan,simon.duncan@insophinia.com
Lucas,North,lucas.north@insophinia.com
Colin,Ferguson,colin.ferguson@insophinia.com
Amy,Hamilton,amy.hamilton@insophinia.com
Claire,Underwood,claire.underwood@insophinia.com
Nicola,Marshall,nicola.marshall@insophinia.com
Steven,Lyman,steven.lyman@insophinia.com
Nicholas,Harris,nicholas.harris@insophinia.com
Fiona,Churchill,fiona.churchill@insophinia.com
Jacob,Howard,jacob.howard@insophinia.com
Peter,Lee,peter.lee@insophinia.com
Chloe,Coleman,chloe.coleman@insophinia.com
Amy,Jackson,amy.jackson@insophinia.com
Yvonne,James,yvonne.james@insophinia.com
David,Walsh,david.walsh@insophinia.com
Trevor,Davies,trevor.davies@insophinia.com
Claire,Buckland,claire.buckland@insophinia.com
Robert,Sharp,robert.sharp@insophinia.com
Kevin,Pullman,kevin.pullman@insophinia.com
Benjamin,MacDonald,benjamin.macdonald@insophinia.com
Brandon,Dyer,brandon.dyer@insophinia.com
Stephen,Vance,stephen.vance@insophinia.com
Megan,Johnston,megan.johnston@insophinia.com
Sebastian,Sanderson,sebastian.sanderson@insophinia.com
Christopher,Abraham,christopher.abraham@insophinia.com
Donna,Parr,donna.parr@insophinia.com
Hannah,Fraser,hannah.fraser@insophinia.com
Gordon,McGrath,gordon.mcgrath@insophinia.com
Richard,Black,richard.black@insophinia.com
Ian,Cornish,ian.cornish@insophinia.com
Evan,Greene,evan.greene@insophinia.com
Nicholas,Terry,nicholas.terry@insophinia.com
Simon,Mitchell,simon.mitchell@insophinia.com
Charles,Fraser,charles.fraser@insophinia.com
Evan,Hodges,evan.hodges@insophinia.com
Grace,Quinn,grace.quinn@insophinia.com
Eric,Springer,eric.springer@insophinia.com
Trevor,Terry,trevor.terry@insophinia.com
Faith,Arnold,faith.arnold@insophinia.com
Justin,Hamilton,justin.hamilton@insophinia.com
Audrey,Butler,audrey.butler@insophinia.com
Theresa,Rutherford,theresa.rutherford@insophinia.com
Samantha,Terry,samantha.terry@insophinia.com
Penelope,Brown,penelope.brown@insophinia.com
John,Springer,john.springer@insophinia.com
Diana,Berry,diana.berry@insophinia.com
David,Skinner,david.skinner@insophinia.com
Robert,Ross,robert.ross@insophinia.com
Heather,Oliver,heather.oliver@insophinia.com
Megan,Walsh,megan.walsh@insophinia.com
Phil,Turner,phil.turner@insophinia.com
John,Rees,john.rees@insophinia.com
Sebastian,Black,sebastian.black@insophinia.com
Wendy,Wilkins,wendy.wilkins@insophinia.com
Victor,Graham,victor.graham@insophinia.com
Christopher,Sutherland,christopher.sutherland@insophinia.com
Jan,Scott,jan.scott@insophinia.com
Amelia,Hemmings,amelia.hemmings@insophinia.com
Amelia,North,amelia.north@insophinia.com
Brandon,Hudson,brandon.hudson@insophinia.com
Sue,Coleman,sue.coleman@insophinia.com
Warren,Mackay,warren.mackay@insophinia.com
Carolyn,North,carolyn.north@insophinia.com
Jake,Davidson,jake.davidson@insophinia.com
Colin,Pullman,colin.pullman@insophinia.com
Joe,Arnold,joe.arnold@insophinia.com
Audrey,Reid,audrey.reid@insophinia.com
Steven,Howard,steven.howard@insophinia.com
Victor,Davies,victor.davies@insophinia.com
Lucas,Peters,lucas.peters@insophinia.com
Sophie,Glover,sophie.glover@insophinia.com
Melanie,Ince,melanie.ince@insophinia.com
Una,Duncan,una.duncan@insophinia.com
Theresa,Wallace,theresa.wallace@insophinia.com
Jane,Metcalfe,jane.metcalfe@insophinia.com
Warren,Kelly,warren.kelly@insophinia.com
Dan,Ross,dan.ross@insophinia.com
Kevin,Metcalfe,kevin.metcalfe@insophinia.com
Abigail,Rees,abigail.rees@insophinia.com
Jane,Walsh,jane.walsh@insophinia.com
Evan,Hunter,evan.hunter@insophinia.com
Blake,Mackay,blake.mackay@insophinia.com
Alison,Turner,alison.turner@insophinia.com
Neil,Mathis,neil.mathis@insophinia.com
Trevor,Short,trevor.short@insophinia.com
Nathan,Gill,nathan.gill@insophinia.com
Dylan,Wilkins,dylan.wilkins@insophinia.com
Virginia,Newman,virginia.newman@insophinia.com
Jasmine,Poole,jasmine.poole@insophinia.com
Jack,Davies,jack.davies@insophinia.com
Sebastian,Mackenzie,sebastian.mackenzie@insophinia.com
Frank,Greene,frank.greene@insophinia.com
Dorothy,Greene,dorothy.greene@insophinia.com
Paul,Rampling,paul.rampling@insophinia.com
Grace,Marshall,grace.marshall@insophinia.com
Melanie,Langdon,melanie.langdon@insophinia.com
Stephen,Mackenzie,stephen.mackenzie@insophinia.com
Faith,Hodges,faith.hodges@insophinia.com
Jasmine,Powell,jasmine.powell@insophinia.com
David,Butler,david.butler@insophinia.com
Sarah,Dickens,sarah.dickens@insophinia.com
Amanda,Ince,amanda.ince@insophinia.com
Jasmine,Stewart,jasmine.stewart@insophinia.com
Carol,Blake,carol.blake@insophinia.com
Boris,Roberts,boris.roberts@insophinia.com
Dominic,Hodges,dominic.hodges@insophinia.com
Karen,Lawrence,karen.lawrence@insophinia.com
Lillian,Randall,lillian.randall@insophinia.com
Sophie,Vance,sophie.vance@insophinia.com
Karen,James,karen.james@insophinia.com
Nicholas,Rampling,nicholas.rampling@insophinia.com
Lauren,Glover,lauren.glover@insophinia.com
Alison,Piper,alison.piper@insophinia.com
Boris,Bell,boris.bell@insophinia.com
Lily,Quinn,lily.quinn@insophinia.com
Sam,Taylor,sam.taylor@insophinia.com
Oliver,Slater,oliver.slater@insophinia.com
Gordon,Dowd,gordon.dowd@insophinia.com
Sue,Roberts,sue.roberts@insophinia.com
Austin,Lewis,austin.lewis@insophinia.com
Harry,Ellison,harry.ellison@insophinia.com
Penelope,Hemmings,penelope.hemmings@insophinia.com
Jessica,Brown,jessica.brown@insophinia.com
Edward,McLean,edward.mclean@insophinia.com
Jennifer,Russell,jennifer.russell@insophinia.com
Joan,Anderson,joan.anderson@insophinia.com
Michael,Springer,michael.springer@insophinia.com
Jonathan,Gibson,jonathan.gibson@insophinia.com
Eric,Lawrence,eric.lawrence@insophinia.com
Heather,Murray,heather.murray@insophinia.com
Nathan,Dowd,nathan.dowd@insophinia.com
Madeleine,Rees,madeleine.rees@insophinia.com
Diana,May,diana.may@insophinia.com
Thomas,Greene,thomas.greene@insophinia.com
Frank,Reid,frank.reid@insophinia.com
Neil,Skinner,neil.skinner@insophinia.com
Stephen,Dyer,stephen.dyer@insophinia.com
Gabrielle,Grant,gabrielle.grant@insophinia.com
Amy,Graham,amy.graham@insophinia.com
Dylan,Sanderson,dylan.sanderson@insophinia.com
Sophie,Hemmings,sophie.hemmings@insophinia.com
Joanne,Gray,joanne.gray@insophinia.com
Bella,McGrath,bella.mcgrath@insophinia.com
Audrey,May,audrey.may@insophinia.com
Kimberly,MacLeod,kimberly.macleod@insophinia.com
Emma,Greene,emma.greene@insophinia.com
Charles,North,charles.north@insophinia.com
Angela,Walker,angela.walker@insophinia.com
Dan,Hodges,dan.hodges@insophinia.com
Caroline,Manning,caroline.manning@insophinia.com
Stephanie,Cornish,stephanie.cornish@insophinia.com
Edward,Hunter,edward.hunter@insophinia.com
Lillian,Blake,lillian.blake@insophinia.com
Victoria,Murray,victoria.murray@insophinia.com
Stephen,Clarkson,stephen.clarkson@insophinia.com
Connor,Ball,connor.ball@insophinia.com
Colin,Morrison,colin.morrison@insophinia.com
Sarah,Edmunds,sarah.edmunds@insophinia.com
John,McGrath,john.mcgrath@insophinia.com
Sam,Duncan,sam.duncan@insophinia.com
Melanie,May,melanie.may@insophinia.com
Robert,Bailey,robert.bailey@insophinia.com
Sonia,Hill,sonia.hill@insophinia.com
Leah,Henderson,leah.henderson@insophinia.com
Virginia,Wallace,virginia.wallace@insophinia.com
Maria,Powell,maria.powell@insophinia.com
Melanie,Johnston,melanie.johnston@insophinia.com
Joseph,Welch,joseph.welch@insophinia.com
Ruth,Cameron,ruth.cameron@insophinia.com
Max,Bailey,max.bailey@insophinia.com
Colin,Ince,colin.ince@insophinia.com
Gavin,Young,gavin.young@insophinia.com
Jonathan,Skinner,jonathan.skinner@insophinia.com
Colin,Powell,colin.powell@insophinia.com
Emily,Ogden,emily.ogden@insophinia.com
Amanda,Lawrence,amanda.lawrence@insophinia.com
Joseph,Powell,joseph.powell@insophinia.com
Amanda,Clarkson,amanda.clarkson@insophinia.com
Karen,Poole,karen.poole@insophinia.com
Virginia,Vaughan,virginia.vaughan@insophinia.com
Jennifer,Sanderson,jennifer.sanderson@insophinia.com
Nicholas,Hamilton,nicholas.hamilton@insophinia.com
Keith,Blake,keith.blake@insophinia.com
Harry,Edmunds,harry.edmunds@insophinia.com
Jack,Miller,jack.miller@insophinia.com
Yvonne,Lambert,yvonne.lambert@insophinia.com
Maria,Chapman,maria.chapman@insophinia.com
Oliver,King,oliver.king@insophinia.com
David,Edmunds,david.edmunds@insophinia.com
David,Powell,david.powell@insophinia.com
Pippa,Johnston,pippa.johnston@insophinia.com
Lily,Marshall,lily.marshall@insophinia.com
Rachel,Mitchell,rachel.mitchell@insophinia.com
Michael,Bailey,michael.bailey@insophinia.com
Sam,Vance,sam.vance@insophinia.com
Dylan,Kelly,dylan.kelly@insophinia.com
Keith,Peake,keith.peake@insophinia.com
Austin,Welch,austin.welch@insophinia.com
Tim,Newman,tim.newman@insophinia.com
Liam,Vance,liam.vance@insophinia.com
Tim,Vaughan,tim.vaughan@insophinia.com
Victor,Roberts,victor.roberts@insophinia.com
Samantha,Welch,samantha.welch@insophinia.com
Lucas,Reid,lucas.reid@insophinia.com
Eric,Berry,eric.berry@insophinia.com
Dylan,Ball,dylan.ball@insophinia.com
Joe,Forsyth,joe.forsyth@insophinia.com
Joshua,Carr,joshua.carr@insophinia.com
Stephen,Ferguson,stephen.ferguson@insophinia.com
Hannah,Ellison,hannah.ellison@insophinia.com
Rebecca,Bower,rebecca.bower@insophinia.com
Grace,Ince,grace.ince@insophinia.com
Anne,Brown,anne.brown@insophinia.com
Sam,Walker,sam.walker@insophinia.com
Carl,Hudson,carl.hudson@insophinia.com
Rose,Grant,rose.grant@insophinia.com
Gabrielle,Blake,gabrielle.blake@insophinia.com
Emily,Blake,emily.blake@insophinia.com
Max,Churchill,max.churchill@insophinia.com
Andrew,Ball,andrew.ball@insophinia.com
Keith,Roberts,keith.roberts@insophinia.com
Justin,Edmunds,justin.edmunds@insophinia.com
Samantha,Wright,samantha.wright@insophinia.com
Deirdre,Greene,deirdre.greene@insophinia.com
Theresa,Henderson,theresa.henderson@insophinia.com
Katherine,Dowd,katherine.dowd@insophinia.com
Christian,Ince,christian.ince@insophinia.com
Gordon,Henderson,gordon.henderson@insophinia.com
Nicholas,Ferguson,nicholas.ferguson@insophinia.com
Sonia,Welch,sonia.welch@insophinia.com
Liam,Marshall,liam.marshall@insophinia.com
Anthony,Edmunds,anthony.edmunds@insophinia.com
Megan,Robertson,megan.robertson@insophinia.com
Dominic,Clarkson,dominic.clarkson@insophinia.com
Heather,Wallace,heather.wallace@insophinia.com
Peter,Underwood,peter.underwood@insophinia.com
Andrew,Walker,andrew.walker@insophinia.com
Evan,Gibson,evan.gibson@insophinia.com
Stephen,Reid,stephen.reid@insophinia.com
Andrea,Burgess,andrea.burgess@insophinia.com
Blake,Jones,blake.jones@insophinia.com
Trevor,Jones,trevor.jones@insophinia.com
Felicity,Lyman,felicity.lyman@insophinia.com
Cameron,Mills,cameron.mills@insophinia.com
Ryan,North,ryan.north@insophinia.com
Pippa,Bond,pippa.bond@insophinia.com
Lily,Ball,lily.ball@insophinia.com
Julian,Hamilton,julian.hamilton@insophinia.com
Harry,Gill,harry.gill@insophinia.com
Sally,Dowd,sally.dowd@insophinia.com
Ryan,Gray,ryan.gray@insophinia.com
Emily,Berry,emily.berry@insophinia.com
Jessica,Sanderson,jessica.sanderson@insophinia.com
Anthony,Knox,anthony.knox@insophinia.com
Jason,Ogden,jason.ogden@insophinia.com
Joe,Hamilton,joe.hamilton@insophinia.com
Thomas,Henderson,thomas.henderson@insophinia.com
Simon,Parr,simon.parr@insophinia.com
Karen,Young,karen.young@insophinia.com
Nicola,Hart,nicola.hart@insophinia.com
Kevin,Peters,kevin.peters@insophinia.com
Theresa,Davies,theresa.davies@insophinia.com
Katherine,North,katherine.north@insophinia.com
Lucas,Hudson,lucas.hudson@insophinia.com
Colin,Payne,colin.payne@insophinia.com
William,Vance,william.vance@insophinia.com
Amelia,Rampling,amelia.rampling@insophinia.com
Fiona,Clark,fiona.clark@insophinia.com
Carol,Ball,carol.ball@insophinia.com
Nathan,Ince,nathan.ince@insophinia.com
Natalie,Mackay,natalie.mackay@insophinia.com
Joanne,Butler,joanne.butler@insophinia.com
Amanda,Wilkins,amanda.wilkins@insophinia.com
Amy,Quinn,amy.quinn@insophinia.com
Adam,Lewis,adam.lewis@insophinia.com
Victor,Fraser,victor.fraser@insophinia.com
Jennifer,Lambert,jennifer.lambert@insophinia.com
Simon,Piper,simon.piper@insophinia.com
Grace,Anderson,grace.anderson@insophinia.com
Harry,Wilkins,harry.wilkins@insophinia.com
Ella,Edmunds,ella.edmunds@insophinia.com
Emma,Gibson,emma.gibson@insophinia.com
Julia,Hemmings,julia.hemmings@insophinia.com
Trevor,Arnold,trevor.arnold@insophinia.com
Gordon,Davies,gordon.davies@insophinia.com
Vanessa,Ellison,vanessa.ellison@insophinia.com
Neil,Tucker,neil.tucker@insophinia.com
Gavin,McDonald,gavin.mcdonald@insophinia.com
Jennifer,Lee,jennifer.lee@insophinia.com
Justin,Graham,justin.graham@insophinia.com
Adam,McGrath,adam.mcgrath@insophinia.com
Stephanie,Fraser,stephanie.fraser@insophinia.com
Nicholas,Rees,nicholas.rees@insophinia.com
Jessica,Alsop,jessica.alsop@insophinia.com
Max,Clarkson,max.clarkson@insophinia.com
Simon,Skinner,simon.skinner@insophinia.com
Jennifer,Hemmings,jennifer.hemmings@insophinia.com
Wendy,Mitchell,wendy.mitchell@insophinia.com
Megan,Morgan,megan.morgan@insophinia.com
Peter,Grant,peter.grant@insophinia.com
Dylan,James,dylan.james@insophinia.com
Kevin,Smith,kevin.smith@insophinia.com
Gabrielle,Greene,gabrielle.greene@insophinia.com
Andrew,Morrison,andrew.morrison@insophinia.com
Jake,Morrison,jake.morrison@insophinia.com
Dorothy,King,dorothy.king@insophinia.com
Madeleine,Thomson,madeleine.thomson@insophinia.com
Sebastian,McDonald,sebastian.mcdonald@insophinia.com
Jennifer,Skinner,jennifer.skinner@insophinia.com
Anne,Wilkins,anne.wilkins@insophinia.com
Sarah,Kelly,sarah.kelly@insophinia.com
Elizabeth,Ross,elizabeth.ross@insophinia.com
Lisa,King,lisa.king@insophinia.com
Wendy,Poole,wendy.poole@insophinia.com
Hannah,Turner,hannah.turner@insophinia.com
Natalie,Short,natalie.short@insophinia.com
Emily,Pullman,emily.pullman@insophinia.com
Brian,Terry,brian.terry@insophinia.com
Owen,Butler,owen.butler@insophinia.com
Joe,Ince,joe.ince@insophinia.com
Karen,Churchill,karen.churchill@insophinia.com
Alison,Lambert,alison.lambert@insophinia.com
Christopher,Mathis,christopher.mathis@insophinia.com
Dylan,Kerr,dylan.kerr@insophinia.com
Adrian,Hunter,adrian.hunter@insophinia.com
Amy,Berry,amy.berry@insophinia.com
Lily,Reid,lily.reid@insophinia.com
Jake,Mills,jake.mills@insophinia.com
Joe,Walker,joe.walker@insophinia.com
Brian,Lawrence,brian.lawrence@insophinia.com
Owen,Burgess,owen.burgess@insophinia.com
Sophie,Mackenzie,sophie.mackenzie@insophinia.com
Eric,Tucker,eric.tucker@insophinia.com
Richard,Coleman,richard.coleman@insophinia.com
Diane,Bond,diane.bond@insophinia.com
Abigail,Avery,abigail.avery@insophinia.com
Blake,Roberts,blake.roberts@insophinia.com
Warren,Hemmings,warren.hemmings@insophinia.com
Megan,Ferguson,megan.ferguson@insophinia.com
Molly,Dyer,molly.dyer@insophinia.com
Andrew,Jackson,andrew.jackson@insophinia.com
Elizabeth,Vance,elizabeth.vance@insophinia.com
Amy,Ross,amy.ross@insophinia.com
Dorothy,Hemmings,dorothy.hemmings@insophinia.com
William,Avery,william.avery@insophinia.com
Virginia,Clarkson,virginia.clarkson@insophinia.com
Joe,Gill,joe.gill@insophinia.com
Yvonne,Knox,yvonne.knox@insophinia.com
Jane,Blake,jane.blake@insophinia.com
Hannah,Newman,hannah.newman@insophinia.com
Joshua,Manning,joshua.manning@insophinia.com
Sophie,Knox,sophie.knox@insophinia.com
Luke,Lee,luke.lee@insophinia.com
Joseph,Hemmings,joseph.hemmings@insophinia.com
Bernadette,Forsyth,bernadette.forsyth@insophinia.com
Jasmine,Marshall,jasmine.marshall@insophinia.com
Harry,Hill,harry.hill@insophinia.com
Jane,Sharp,jane.sharp@insophinia.com
Pippa,Lyman,pippa.lyman@insophinia.com
Ian,Hill,ian.hill@insophinia.com
Samantha,Russell,samantha.russell@insophinia.com
Hannah,Rampling,hannah.rampling@insophinia.com
Michelle,Chapman,michelle.chapman@insophinia.com
Richard,Cornish,richard.cornish@insophinia.com
Chloe,Glover,chloe.glover@insophinia.com
Deirdre,Newman,deirdre.newman@insophinia.com
Nicholas,Avery,nicholas.avery@insophinia.com
Chloe,Lambert,chloe.lambert@insophinia.com
Phil,Nash,phil.nash@insophinia.com
Ryan,Allan,ryan.allan@insophinia.com
Gordon,Poole,gordon.poole@insophinia.com
Tim,Berry,tim.berry@insophinia.com
Paul,Oliver,paul.oliver@insophinia.com
Jane,Gibson,jane.gibson@insophinia.com
Jennifer,Greene,jennifer.greene@insophinia.com
Michael,Reid,michael.reid@insophinia.com
